BEGIN:VCALENDAR
VERSION:2.0
PRODID:ics.py - http://git.io/lLljaA
X-WR-CALNAME:Waterloo & City disruption
BEGIN:VEVENT
DESCRIPTION:<a href="https://tfl.gov.uk/tube-dlr-overground/status/?Input=&lineIds=&dateTypeSelect=Future%20date&direction=&startDate=2026-05-04T03:15:00&endDate=2026-05-04T22:59:00">Disruption map.</a>\n\nWaterloo & City line: service operates 06:00 until 00:30\, Monday to Friday only. There is no service on Saturdays\, Sundays and on bank/public holidays.
DTEND:20260504T225900Z
DTSTART:20260504T031500Z
SUMMARY:Waterloo & City: Planned Closure
UID:97c06b73-ab6a-4108-adb9-3e106a288611@97c0.org
END:VEVENT
BEGIN:VEVENT
DESCRIPTION:<a href="https://tfl.gov.uk/tube-dlr-overground/status/?Input=&lineIds=&dateTypeSelect=Future%20date&direction=&startDate=2026-03-22T04:15:00&endDate=2026-03-23T00:45:00">Disruption map.</a>\n\nWaterloo & City line: service operates 06:00 until 00:30\, Monday to Friday only. There is no service on Saturdays\, Sundays and on bank/public holidays.
DTEND:20260323T004500Z
DTSTART:20260322T041500Z
SUMMARY:Waterloo & City: Planned Closure
UID:cd2c1446-4b61-493f-8dd8-e934bfd79e6d@cd2c.org
END:VEVENT
BEGIN:VEVENT
DESCRIPTION:<a href="https://tfl.gov.uk/tube-dlr-overground/status/?Input=&lineIds=&dateTypeSelect=Future%20date&direction=&startDate=2026-04-04T03:15:00&endDate=2026-04-05T00:15:00">Disruption map.</a>\n\nWaterloo & City line: service operates 06:00 until 00:30\, Monday to Friday only. There is no service on Saturdays\, Sundays and on bank/public holidays.
DTEND:20260405T001500Z
DTSTART:20260404T031500Z
SUMMARY:Waterloo & City: Planned Closure
UID:492d2a98-3128-470c-91c7-db15d12d73f6@492d.org
END:VEVENT
BEGIN:VEVENT
DESCRIPTION:<a href="https://tfl.gov.uk/tube-dlr-overground/status/?Input=&lineIds=&dateTypeSelect=Future%20date&direction=&startDate=2026-04-03T03:15:00&endDate=2026-04-03T22:59:00">Disruption map.</a>\n\nWaterloo & City line: service operates 06:00 until 00:30\, Monday to Friday only. There is no service on Saturdays\, Sundays and on bank/public holidays.
DTEND:20260403T225900Z
DTSTART:20260403T031500Z
SUMMARY:Waterloo & City: Planned Closure
UID:a1b3a208-59d6-4632-8e86-3c3ad44301ea@a1b3.org
END:VEVENT
BEGIN:VEVENT
DESCRIPTION:<a href="https://tfl.gov.uk/tube-dlr-overground/status/?Input=&lineIds=&dateTypeSelect=Future%20date&direction=&startDate=2026-05-03T03:15:00&endDate=2026-05-03T23:45:00">Disruption map.</a>\n\nWaterloo & City line: service operates 06:00 until 00:30\, Monday to Friday only. There is no service on Saturdays\, Sundays and on bank/public holidays.
DTEND:20260503T234500Z
DTSTART:20260503T031500Z
SUMMARY:Waterloo & City: Planned Closure
UID:abfd2d37-5763-4364-bc84-93116a24a50a@abfd.org
END:VEVENT
BEGIN:VEVENT
DESCRIPTION:<a href="https://tfl.gov.uk/tube-dlr-overground/status/?Input=&lineIds=&dateTypeSelect=Future%20date&direction=&startDate=2026-02-15T04:15:00&endDate=2026-02-16T00:45:00">Disruption map.</a>\n\nWaterloo & City line: service operates 06:00 until 00:30\, Monday to Friday only. There is no service on Saturdays\, Sundays and on bank/public holidays.
DTEND:20260216T004500Z
DTSTART:20260215T041500Z
SUMMARY:Waterloo & City: Planned Closure
UID:494d377a-12db-451a-8d33-1128e708a687@494d.org
END:VEVENT
BEGIN:VEVENT
DESCRIPTION:<a href="https://tfl.gov.uk/tube-dlr-overground/status/?Input=&lineIds=&dateTypeSelect=Future%20date&direction=&startDate=2026-04-12T03:15:00&endDate=2026-04-12T23:45:00">Disruption map.</a>\n\nWaterloo & City line: service operates 06:00 until 00:30\, Monday to Friday only. There is no service on Saturdays\, Sundays and on bank/public holidays.
DTEND:20260412T234500Z
DTSTART:20260412T031500Z
SUMMARY:Waterloo & City: Planned Closure
UID:cb5fe420-849b-4e46-aab1-786984d2e542@cb5f.org
END:VEVENT
BEGIN:VEVENT
DESCRIPTION:<a href="https://tfl.gov.uk/tube-dlr-overground/status/?Input=&lineIds=&dateTypeSelect=Future%20date&direction=&startDate=2026-03-28T04:15:00&endDate=2026-03-29T00:15:00">Disruption map.</a>\n\nWaterloo & City line: service operates 06:00 until 00:30\, Monday to Friday only. There is no service on Saturdays\, Sundays and on bank/public holidays.
DTEND:20260329T001500Z
DTSTART:20260328T041500Z
SUMMARY:Waterloo & City: Planned Closure
UID:b27b3785-c23c-42bb-8354-215c19290f62@b27b.org
END:VEVENT
BEGIN:VEVENT
DESCRIPTION:<a href="https://tfl.gov.uk/tube-dlr-overground/status/?Input=&lineIds=&dateTypeSelect=Future%20date&direction=&startDate=2026-02-28T04:15:00&endDate=2026-03-01T01:15:00">Disruption map.</a>\n\nWaterloo & City line: service operates 06:00 until 00:30\, Monday to Friday only. There is no service on Saturdays\, Sundays and on bank/public holidays.
DTEND:20260301T011500Z
DTSTART:20260228T041500Z
SUMMARY:Waterloo & City: Planned Closure
UID:88080f10-ac88-4fa5-8b35-7ff5f8e6430f@8808.org
END:VEVENT
BEGIN:VEVENT
DESCRIPTION:<a href="https://tfl.gov.uk/tube-dlr-overground/status/?Input=&lineIds=&dateTypeSelect=Future%20date&direction=&startDate=2026-04-18T03:15:00&endDate=2026-04-19T00:15:00">Disruption map.</a>\n\nWaterloo & City line: service operates 06:00 until 00:30\, Monday to Friday only. There is no service on Saturdays\, Sundays and on bank/public holidays.
DTEND:20260419T001500Z
DTSTART:20260418T031500Z
SUMMARY:Waterloo & City: Planned Closure
UID:cbb77f4d-9168-4182-acd9-19c59e1b46ea@cbb7.org
END:VEVENT
BEGIN:VEVENT
DESCRIPTION:<a href="https://tfl.gov.uk/tube-dlr-overground/status/?Input=&lineIds=&dateTypeSelect=Future%20date&direction=&startDate=2026-05-09T03:15:00&endDate=2026-05-10T00:15:00">Disruption map.</a>\n\nWaterloo & City line: service operates 06:00 until 00:30\, Monday to Friday only. There is no service on Saturdays\, Sundays and on bank/public holidays.
DTEND:20260510T001500Z
DTSTART:20260509T031500Z
SUMMARY:Waterloo & City: Planned Closure
UID:9f9bdd32-ee2c-49d3-8c3c-33fe921976ae@9f9b.org
END:VEVENT
BEGIN:VEVENT
DESCRIPTION:<a href="https://tfl.gov.uk/tube-dlr-overground/status/?Input=&lineIds=&dateTypeSelect=Future%20date&direction=&startDate=2026-03-15T04:15:00&endDate=2026-03-16T00:45:00">Disruption map.</a>\n\nWaterloo & City line: service operates 06:00 until 00:30\, Monday to Friday only. There is no service on Saturdays\, Sundays and on bank/public holidays.
DTEND:20260316T004500Z
DTSTART:20260315T041500Z
SUMMARY:Waterloo & City: Planned Closure
UID:57ee8553-16d7-4bc0-9e01-39495074284d@57ee.org
END:VEVENT
BEGIN:VEVENT
DESCRIPTION:<a href="https://tfl.gov.uk/tube-dlr-overground/status/?Input=&lineIds=&dateTypeSelect=Future%20date&direction=&startDate=2026-04-06T03:15:00&endDate=2026-04-06T22:59:00">Disruption map.</a>\n\nWaterloo & City line: service operates 06:00 until 00:30\, Monday to Friday only. There is no service on Saturdays\, Sundays and on bank/public holidays.
DTEND:20260406T225900Z
DTSTART:20260406T031500Z
SUMMARY:Waterloo & City: Planned Closure
UID:bee3a045-536e-410d-bbcc-77e5ca5b40f3@bee3.org
END:VEVENT
BEGIN:VEVENT
DESCRIPTION:<a href="https://tfl.gov.uk/tube-dlr-overground/status/?Input=&lineIds=&dateTypeSelect=Future%20date&direction=&startDate=2026-02-21T04:15:00&endDate=2026-02-22T01:15:00">Disruption map.</a>\n\nWaterloo & City line: service operates 06:00 until 00:30\, Monday to Friday only. There is no service on Saturdays\, Sundays and on bank/public holidays.
DTEND:20260222T011500Z
DTSTART:20260221T041500Z
SUMMARY:Waterloo & City: Planned Closure
UID:27928c3e-b128-4740-b90e-891d52eb4b1c@2792.org
END:VEVENT
BEGIN:VEVENT
DESCRIPTION:<a href="https://tfl.gov.uk/tube-dlr-overground/status/?Input=&lineIds=&dateTypeSelect=Future%20date&direction=&startDate=2026-02-14T04:15:00&endDate=2026-02-15T01:15:00">Disruption map.</a>\n\nWaterloo & City line: service operates 06:00 until 00:30\, Monday to Friday only. There is no service on Saturdays\, Sundays and on bank/public holidays.
DTEND:20260215T011500Z
DTSTART:20260214T041500Z
SUMMARY:Waterloo & City: Planned Closure
UID:54d1ad32-1d55-4dbb-880e-613f2aad5bda@54d1.org
END:VEVENT
BEGIN:VEVENT
DESCRIPTION:<a href="https://tfl.gov.uk/tube-dlr-overground/status/?Input=&lineIds=&dateTypeSelect=Future%20date&direction=&startDate=2026-02-22T04:15:00&endDate=2026-02-23T00:45:00">Disruption map.</a>\n\nWaterloo & City line: service operates 06:00 until 00:30\, Monday to Friday only. There is no service on Saturdays\, Sundays and on bank/public holidays.
DTEND:20260223T004500Z
DTSTART:20260222T041500Z
SUMMARY:Waterloo & City: Planned Closure
UID:71bbd8ce-ce9a-4b50-81b3-076f843652c0@71bb.org
END:VEVENT
BEGIN:VEVENT
DESCRIPTION:<a href="https://tfl.gov.uk/tube-dlr-overground/status/?Input=&lineIds=&dateTypeSelect=Future%20date&direction=&startDate=2026-04-05T03:15:00&endDate=2026-04-05T23:45:00">Disruption map.</a>\n\nWaterloo & City line: service operates 06:00 until 00:30\, Monday to Friday only. There is no service on Saturdays\, Sundays and on bank/public holidays.
DTEND:20260405T234500Z
DTSTART:20260405T031500Z
SUMMARY:Waterloo & City: Planned Closure
UID:ff8f1ecb-b9e9-492d-bc40-0859645d5d6c@ff8f.org
END:VEVENT
BEGIN:VEVENT
DESCRIPTION:<a href="https://tfl.gov.uk/tube-dlr-overground/status/?Input=&lineIds=&dateTypeSelect=Future%20date&direction=&startDate=2026-04-11T03:15:00&endDate=2026-04-12T00:15:00">Disruption map.</a>\n\nWaterloo & City line: service operates 06:00 until 00:30\, Monday to Friday only. There is no service on Saturdays\, Sundays and on bank/public holidays.
DTEND:20260412T001500Z
DTSTART:20260411T031500Z
SUMMARY:Waterloo & City: Planned Closure
UID:65088b48-7c81-44de-a3a4-8f773929de8e@6508.org
END:VEVENT
BEGIN:VEVENT
DESCRIPTION:<a href="https://tfl.gov.uk/tube-dlr-overground/status/?Input=&lineIds=&dateTypeSelect=Future%20date&direction=&startDate=2026-04-25T03:15:00&endDate=2026-04-26T00:15:00">Disruption map.</a>\n\nWaterloo & City line: service operates 06:00 until 00:30\, Monday to Friday only. There is no service on Saturdays\, Sundays and on bank/public holidays.
DTEND:20260426T001500Z
DTSTART:20260425T031500Z
SUMMARY:Waterloo & City: Planned Closure
UID:7e1ebfb0-fcd2-487d-9d72-3f2b483262c6@7e1e.org
END:VEVENT
BEGIN:VEVENT
DESCRIPTION:<a href="https://tfl.gov.uk/tube-dlr-overground/status/?Input=&lineIds=&dateTypeSelect=Future%20date&direction=&startDate=2026-05-02T03:15:00&endDate=2026-05-03T00:15:00">Disruption map.</a>\n\nWaterloo & City line: service operates 06:00 until 00:30\, Monday to Friday only. There is no service on Saturdays\, Sundays and on bank/public holidays.
DTEND:20260503T001500Z
DTSTART:20260502T031500Z
SUMMARY:Waterloo & City: Planned Closure
UID:57150e60-5a33-4b51-8547-28bb5a85e6f2@5715.org
END:VEVENT
BEGIN:VEVENT
DESCRIPTION:<a href="https://tfl.gov.uk/tube-dlr-overground/status/?Input=&lineIds=&dateTypeSelect=Future%20date&direction=&startDate=2026-03-01T04:15:00&endDate=2026-03-02T00:45:00">Disruption map.</a>\n\nWaterloo & City line: service operates 06:00 until 00:30\, Monday to Friday only. There is no service on Saturdays\, Sundays and on bank/public holidays.
DTEND:20260302T004500Z
DTSTART:20260301T041500Z
SUMMARY:Waterloo & City: Planned Closure
UID:3d7d96e9-f9f9-4896-8da1-ea9206fb9264@3d7d.org
END:VEVENT
BEGIN:VEVENT
DESCRIPTION:<a href="https://tfl.gov.uk/tube-dlr-overground/status/?Input=&lineIds=&dateTypeSelect=Future%20date&direction=&startDate=2026-03-21T04:15:00&endDate=2026-03-22T01:15:00">Disruption map.</a>\n\nWaterloo & City line: service operates 06:00 until 00:30\, Monday to Friday only. There is no service on Saturdays\, Sundays and on bank/public holidays.
DTEND:20260322T011500Z
DTSTART:20260321T041500Z
SUMMARY:Waterloo & City: Planned Closure
UID:aab4ac4a-725d-480b-b483-da538a689a31@aab4.org
END:VEVENT
BEGIN:VEVENT
DESCRIPTION:<a href="https://tfl.gov.uk/tube-dlr-overground/status/?Input=&lineIds=&dateTypeSelect=Future%20date&direction=&startDate=2026-04-26T03:15:00&endDate=2026-04-26T23:45:00">Disruption map.</a>\n\nWaterloo & City line: service operates 06:00 until 00:30\, Monday to Friday only. There is no service on Saturdays\, Sundays and on bank/public holidays.
DTEND:20260426T234500Z
DTSTART:20260426T031500Z
SUMMARY:Waterloo & City: Planned Closure
UID:9bf5f131-dc89-4239-a15e-163840076e30@9bf5.org
END:VEVENT
BEGIN:VEVENT
DESCRIPTION:<a href="https://tfl.gov.uk/tube-dlr-overground/status/?Input=&lineIds=&dateTypeSelect=Future%20date&direction=&startDate=2026-04-19T03:15:00&endDate=2026-04-19T23:45:00">Disruption map.</a>\n\nWaterloo & City line: service operates 06:00 until 00:30\, Monday to Friday only. There is no service on Saturdays\, Sundays and on bank/public holidays.
DTEND:20260419T234500Z
DTSTART:20260419T031500Z
SUMMARY:Waterloo & City: Planned Closure
UID:0a929b5e-afc2-4930-911d-fbd925006078@0a92.org
END:VEVENT
BEGIN:VEVENT
DESCRIPTION:<a href="https://tfl.gov.uk/tube-dlr-overground/status/?Input=&lineIds=&dateTypeSelect=Future%20date&direction=&startDate=2026-03-29T03:15:00&endDate=2026-03-29T23:45:00">Disruption map.</a>\n\nWaterloo & City line: service operates 06:00 until 00:30\, Monday to Friday only. There is no service on Saturdays\, Sundays and on bank/public holidays.
DTEND:20260329T234500Z
DTSTART:20260329T031500Z
SUMMARY:Waterloo & City: Planned Closure
UID:6d75db17-e88a-44b3-8a9b-8143180026d0@6d75.org
END:VEVENT
BEGIN:VEVENT
DESCRIPTION:<a href="https://tfl.gov.uk/tube-dlr-overground/status/?Input=&lineIds=&dateTypeSelect=Future%20date&direction=&startDate=2026-03-08T04:15:00&endDate=2026-03-09T00:45:00">Disruption map.</a>\n\nWaterloo & City line: service operates 06:00 until 00:30\, Monday to Friday only. There is no service on Saturdays\, Sundays and on bank/public holidays.
DTEND:20260309T004500Z
DTSTART:20260308T041500Z
SUMMARY:Waterloo & City: Planned Closure
UID:2a894a3c-a4a4-4ea7-b871-d900014afa6c@2a89.org
END:VEVENT
BEGIN:VEVENT
DESCRIPTION:<a href="https://tfl.gov.uk/tube-dlr-overground/status/?Input=&lineIds=&dateTypeSelect=Future%20date&direction=&startDate=2026-05-10T03:15:00&endDate=2026-05-10T23:45:00">Disruption map.</a>\n\nWaterloo & City line: service operates 06:00 until 00:30\, Monday to Friday only. There is no service on Saturdays\, Sundays and on bank/public holidays.
DTEND:20260510T234500Z
DTSTART:20260510T031500Z
SUMMARY:Waterloo & City: Planned Closure
UID:6a77713a-11d3-4efb-8c1b-2ead8015f369@6a77.org
END:VEVENT
BEGIN:VEVENT
DESCRIPTION:<a href="https://tfl.gov.uk/tube-dlr-overground/status/?Input=&lineIds=&dateTypeSelect=Future%20date&direction=&startDate=2026-03-14T04:15:00&endDate=2026-03-15T01:15:00">Disruption map.</a>\n\nWaterloo & City line: service operates 06:00 until 00:30\, Monday to Friday only. There is no service on Saturdays\, Sundays and on bank/public holidays.
DTEND:20260315T011500Z
DTSTART:20260314T041500Z
SUMMARY:Waterloo & City: Planned Closure
UID:c5827a92-69ca-4d7c-b4ed-160a092f46ec@c582.org
END:VEVENT
BEGIN:VEVENT
DESCRIPTION:<a href="https://tfl.gov.uk/tube-dlr-overground/status/?Input=&lineIds=&dateTypeSelect=Future%20date&direction=&startDate=2026-03-07T04:15:00&endDate=2026-03-08T01:15:00">Disruption map.</a>\n\nWaterloo & City line: service operates 06:00 until 00:30\, Monday to Friday only. There is no service on Saturdays\, Sundays and on bank/public holidays.
DTEND:20260308T011500Z
DTSTART:20260307T041500Z
SUMMARY:Waterloo & City: Planned Closure
UID:f4080b12-4bd3-451d-82dd-00648a2fbb26@f408.org
END:VEVENT
END:VCALENDAR
